epoch,time,train/box_loss,train/seg_loss,train/cls_loss,train/dfl_loss,train/sem_loss,metrics/precision(B),metrics/recall(B),metrics/mAP50(B),metrics/mAP50-95(B),metrics/precision(M),metrics/recall(M),metrics/mAP50(M),metrics/mAP50-95(M),val/box_loss,val/seg_loss,val/cls_loss,val/dfl_loss,val/sem_loss,lr/pg0,lr/pg1,lr/pg2
1,27.0146,0.78023,1.41942,2.32505,0.95928,0,0.00703,1,0.6639,0.30128,0.00667,0.94872,0.64115,0.43589,1.13159,2.89542,2.74313,1.44662,0,0.000648148,0.000648148,0.000648148
2,37.9749,0.88433,1.15454,1.63452,0.99974,0,0.26013,0.33333,0.15436,0.03408,0.34942,0.38462,0.20733,0.09625,1.81492,20.5319,3.24502,2.07004,0,0.00131449,0.00131449,0.00131449
3,47.6603,0.93697,1.20602,1.4594,1.04218,0,0.30569,0.5641,0.41923,0.20045,0.43484,0.34615,0.39104,0.24591,1.37238,4.47687,2.32808,1.50562,0,0.00197955,0.00197955,0.00197955
4,57.1991,0.91934,1.07353,1.28855,1.01303,0,0.44273,0.64103,0.50593,0.22827,0.42727,0.60256,0.40215,0.20761,1.86528,5.6741,2.26005,1.81551,0,0.00199561,0.00199561,0.00199561
5,66.8886,0.88911,1.08338,1.19403,1.01002,0,0.67006,0.72906,0.77205,0.28039,0.73854,0.7967,0.83336,0.53684,1.66874,3.11948,1.92293,1.79918,0,0.00199219,0.00199219,0.00199219
6,76.3871,0.86209,1.00728,1.05756,1.01749,0,0.96748,0.38151,0.57344,0.32188,0.96748,0.38151,0.54738,0.36215,1.25764,2.52878,2.68725,1.2971,0,0.00198781,0.00198781,0.00198781
7,86.069,0.82635,0.9109,0.96965,0.97599,0,0.58349,0.71841,0.71748,0.39563,0.69921,0.70513,0.71688,0.45558,1.86064,5.25866,2.92077,1.92819,0,0.00198246,0.00198246,0.00198246
8,95.6981,0.79269,0.89968,0.86589,0.96965,0,0.8032,0.73256,0.77416,0.3779,0.83111,0.75706,0.79618,0.53389,1.49496,2.89623,2.17339,1.48313,0,0.00197616,0.00197616,0.00197616
9,105.124,0.78262,1.02935,0.84475,0.95624,0,0.52195,0.78205,0.6054,0.35232,0.52195,0.78205,0.61147,0.40296,1.32048,2.33052,1.69883,1.23674,0,0.0019689,0.0019689,0.0019689
10,114.666,0.72207,0.94647,0.78417,0.93664,0,0.19806,0.5,0.25051,0.11537,0.40845,0.39744,0.32249,0.18992,1.47303,2.20925,2.06365,1.36911,0,0.00196069,0.00196069,0.00196069
11,124.182,0.74672,1.00581,0.78454,0.95344,0,0.92523,0.79487,0.89962,0.49649,0.8975,0.74359,0.81283,0.65852,1.20905,3.86639,1.26179,1.18122,0,0.00195155,0.00195155,0.00195155
12,133.733,0.76156,0.91002,0.76029,0.94292,0,0.94958,0.72449,0.87391,0.53345,0.95363,0.74359,0.88853,0.73694,1.20484,1.90236,1.12507,1.15685,0,0.00194147,0.00194147,0.00194147
13,143.226,0.71213,0.83416,0.70297,0.93119,0,0.85072,0.79487,0.8586,0.58392,0.82692,0.79631,0.84911,0.65656,0.942,1.98668,1.12471,1.05291,0,0.00193048,0.00193048,0.00193048
14,152.716,0.69815,0.81688,0.70561,0.9406,0,0.88352,0.80769,0.89396,0.53439,0.86639,0.79487,0.86218,0.66538,0.99619,1.3466,0.88885,1.06124,0,0.00191858,0.00191858,0.00191858
15,162.348,0.67534,0.85869,0.69356,0.91966,0,0.91021,0.77979,0.85762,0.53823,0.88028,0.75415,0.81072,0.6608,1.05489,1.43987,1.04739,1.08674,0,0.00190578,0.00190578,0.00190578
16,171.811,0.67422,0.83897,0.65372,0.92476,0,0.91687,0.88462,0.94557,0.63182,0.93028,0.85531,0.92567,0.792,0.87091,1.61294,0.79875,1.03808,0,0.0018921,0.0018921,0.0018921
17,185.407,0.64515,0.82211,0.65152,0.9252,0,0.8762,0.72596,0.86946,0.55634,0.95935,0.74359,0.89235,0.73576,0.90176,1.05726,0.82153,1.02972,0,0.00187754,0.00187754,0.00187754
18,200.715,0.674,0.80343,0.66747,0.92955,0,0.93095,0.69144,0.82675,0.55581,0.88913,0.71975,0.84873,0.63781,0.91213,1.60258,0.90839,1.10418,0,0.00186213,0.00186213,0.00186213
19,211.721,0.62564,0.77174,0.61804,0.90632,0,0.86604,0.87179,0.93683,0.68863,0.86641,0.85897,0.90735,0.74179,0.9138,1.03709,0.80921,1.04766,0,0.00184588,0.00184588,0.00184588
20,223.455,0.64495,0.75264,0.633,0.91362,0,0.91663,0.87179,0.92677,0.67461,0.90315,0.85897,0.88269,0.71624,0.75183,0.85166,0.77739,0.97844,0,0.00182881,0.00182881,0.00182881
21,234.448,0.61686,0.72596,0.60718,0.90001,0,0.95736,0.84615,0.95534,0.71255,0.92153,0.9034,0.95339,0.78053,0.79372,1.13526,0.67689,1.05206,0,0.00181093,0.00181093,0.00181093
22,245.639,0.60666,0.74431,0.61139,0.90718,0,0.92762,0.82154,0.91945,0.60346,0.88422,0.78328,0.85841,0.69018,1.17196,2.18104,1.19505,1.37683,0,0.00179225,0.00179225,0.00179225
23,256.487,0.59569,0.71776,0.57108,0.8959,0,0.93589,0.88462,0.94972,0.70286,0.89265,0.85288,0.89096,0.67957,0.82371,1.72024,0.86407,1.04054,0,0.00177281,0.00177281,0.00177281
24,267.497,0.58589,0.66318,0.57036,0.89813,0,0.91043,0.78185,0.908,0.64587,0.91043,0.78185,0.90746,0.70461,1.1551,1.27194,0.86369,1.31778,0,0.00175261,0.00175261,0.00175261
25,278.54,0.57157,0.75825,0.54992,0.89217,0,0.89491,0.87345,0.91817,0.67357,0.88178,0.86063,0.878,0.70657,0.85418,1.37663,0.85357,1.01044,0,0.00173168,0.00173168,0.00173168
26,289.506,0.5613,0.68434,0.56434,0.8897,0,0.9867,0.80769,0.93767,0.69954,0.94546,0.78205,0.91143,0.77643,0.71485,1.29027,0.72452,0.93353,0,0.00171004,0.00171004,0.00171004
27,300.279,0.58596,0.73779,0.56586,0.88952,0,0.91954,0.87913,0.92275,0.71698,0.91954,0.87913,0.9092,0.71182,0.74736,1.71832,0.77088,0.98144,0,0.0016877,0.0016877,0.0016877
28,311.111,0.56559,0.72946,0.55532,0.88066,0,0.85804,0.85246,0.90804,0.71661,0.87439,0.89744,0.9258,0.76623,0.83821,1.23833,0.63227,1.08308,0,0.0016647,0.0016647,0.0016647
29,322.238,0.53592,0.6373,0.53085,0.88165,0,0.94625,0.76923,0.90112,0.70077,0.9419,0.76923,0.9077,0.75844,0.68791,1.06116,0.71825,0.94307,0,0.00164105,0.00164105,0.00164105
30,333.214,0.54026,0.70788,0.53445,0.89488,0,0.96367,0.84615,0.95468,0.68666,0.97849,0.85897,0.94396,0.8267,0.73867,1.04508,0.70401,0.96277,0,0.00161678,0.00161678,0.00161678
31,344.479,0.52376,0.64848,0.53295,0.87879,0,0.87431,0.79487,0.87762,0.66676,0.91351,0.82051,0.87905,0.75853,1.0574,1.93423,1.36693,1.25739,0,0.00159191,0.00159191,0.00159191
32,355.482,0.52868,0.67833,0.53272,0.88027,0,0.84409,0.83333,0.90951,0.69622,0.88083,0.85293,0.90821,0.77901,0.70022,1.33198,1.02861,0.90461,0,0.00156646,0.00156646,0.00156646
33,366.353,0.51261,0.60147,0.50001,0.86952,0,0.95314,0.88462,0.94903,0.70676,0.93917,0.87179,0.94685,0.78265,0.77307,1.00833,0.64604,0.95377,0,0.00154047,0.00154047,0.00154047
34,377.526,0.51898,0.67819,0.5158,0.8567,0,0.95766,0.87,0.938,0.71832,0.91473,0.82527,0.88936,0.75612,0.64359,1.25694,0.76464,0.92116,0,0.00151395,0.00151395,0.00151395
35,388.275,0.50378,0.65932,0.49969,0.86417,0,0.95018,0.83333,0.92773,0.67705,0.93556,0.82051,0.92903,0.76746,0.63811,1.36047,0.67988,0.95266,0,0.00148694,0.00148694,0.00148694
36,399.266,0.51535,0.62434,0.51133,0.87187,0,0.94396,0.89744,0.94657,0.71885,0.91788,0.87179,0.92455,0.79119,0.68938,1.35852,0.72098,0.94667,0,0.00145945,0.00145945,0.00145945
37,410.331,0.51559,0.65033,0.50795,0.86984,0,0.93129,0.88462,0.92201,0.71918,0.95854,0.91026,0.95203,0.82402,0.67673,0.86687,0.62275,0.94487,0,0.00143152,0.00143152,0.00143152
38,421.44,0.49055,0.59586,0.50204,0.86702,0,0.89707,0.80769,0.92014,0.71144,0.89707,0.80769,0.92619,0.8253,0.70952,0.8073,0.72774,0.94654,0,0.00140318,0.00140318,0.00140318
39,432.93,0.47904,0.59417,0.47839,0.86264,0,0.91671,0.88462,0.96017,0.74331,0.89013,0.85897,0.92738,0.81573,0.6942,0.95185,0.54068,0.8968,0,0.00137444,0.00137444,0.00137444
40,444.189,0.47964,0.67546,0.49024,0.86372,0,0.9853,0.85936,0.9673,0.8023,0.92431,0.85897,0.93321,0.78977,0.51679,1.16144,0.54119,0.87958,0,0.00134535,0.00134535,0.00134535
41,455.507,0.4781,0.55988,0.48264,0.86258,0,0.87991,0.93936,0.94561,0.75689,0.89854,0.82051,0.88596,0.78508,0.64729,1.46161,0.7733,0.90241,0,0.00131593,0.00131593,0.00131593
42,466.803,0.47986,0.58146,0.4881,0.86114,0,0.97847,0.87179,0.95004,0.74039,0.96637,0.85897,0.92515,0.83329,0.69312,1.40075,0.78759,0.9509,0,0.0012862,0.0012862,0.0012862
43,478.451,0.45589,0.54429,0.45552,0.8551,0,0.96319,0.91026,0.94659,0.76275,0.9309,0.89744,0.93098,0.82194,0.6721,1.08935,0.64602,0.92323,0,0.0012562,0.0012562,0.0012562
44,489.95,0.45719,0.56675,0.45204,0.85782,0,0.9255,0.85897,0.93798,0.72538,0.90766,0.91026,0.94628,0.87097,0.63862,0.86733,0.53172,0.88093,0,0.00122596,0.00122596,0.00122596
45,501.782,0.4637,0.55931,0.44641,0.86063,0,0.95698,0.8556,0.95003,0.75917,0.94545,0.8889,0.95718,0.80695,0.64569,0.99766,0.59647,0.8978,0,0.00119551,0.00119551,0.00119551
46,512.999,0.44415,0.56231,0.43981,0.84789,0,0.83933,0.88462,0.88498,0.70372,0.87622,0.92308,0.92006,0.7926,0.61884,0.929,0.78243,0.88973,0,0.00116487,0.00116487,0.00116487
47,524.632,0.45093,0.57175,0.44463,0.8568,0,0.96689,0.91026,0.94842,0.74482,0.94632,0.90407,0.949,0.84654,0.5731,0.92712,0.58669,0.87706,0,0.00113408,0.00113408,0.00113408
48,535.802,0.42826,0.56788,0.43461,0.84282,0,0.95423,0.89744,0.94076,0.75171,0.95423,0.89744,0.95207,0.86677,0.5839,1.13554,0.5853,0.86702,0,0.00110317,0.00110317,0.00110317
49,547.463,0.42203,0.55799,0.42942,0.84834,0,0.9414,0.91026,0.94861,0.76478,0.91434,0.88462,0.91559,0.81909,0.56117,1.05074,0.47712,0.84594,0,0.00107216,0.00107216,0.00107216
50,558.879,0.43072,0.527,0.43876,0.84812,0,0.9661,0.92308,0.96119,0.81166,0.95268,0.91026,0.95669,0.86799,0.49719,0.78842,0.474,0.84499,0,0.0010411,0.0010411,0.0010411
51,571.599,0.42689,0.51576,0.42774,0.84618,0,0.96006,0.92452,0.97514,0.79349,0.95422,0.89744,0.96436,0.86982,0.53344,1.02048,0.57234,0.8769,0,0.00101,0.00101,0.00101
52,584.474,0.40867,0.45933,0.41983,0.84422,0,0.98599,0.90247,0.95393,0.77303,0.98589,0.89609,0.94403,0.82804,0.54523,0.99967,0.56209,0.85873,0,0.000978903,0.000978903,0.000978903
53,596.239,0.397,0.5144,0.418,0.83381,0,0.99714,0.91026,0.97714,0.83158,0.9831,0.89744,0.96061,0.85799,0.48771,0.83769,0.43615,0.84709,0,0.000947837,0.000947837,0.000947837
54,607.235,0.41126,0.59591,0.41313,0.84451,0,0.97031,0.9359,0.96889,0.78614,0.94373,0.91026,0.92823,0.83012,0.54557,1.08906,0.49323,0.85211,0,0.000916833,0.000916833,0.000916833
55,618.441,0.4,0.52326,0.40552,0.83984,0,0.96918,0.92308,0.95637,0.73621,0.93236,0.88462,0.90635,0.81077,0.60225,1.18042,0.50659,0.86063,0,0.00088592,0.00088592,0.00088592
56,629.463,0.39549,0.53555,0.40412,0.84613,0,0.9927,0.91026,0.98282,0.80225,0.97946,0.89744,0.94739,0.85171,0.48737,0.86182,0.47484,0.83476,0,0.00085513,0.00085513,0.00085513
57,641.262,0.39123,0.5679,0.38995,0.84068,0,0.96744,0.85897,0.91418,0.77239,0.95738,0.86408,0.94056,0.83992,0.50125,0.92624,0.80513,0.84774,0,0.000824492,0.000824492,0.000824492
58,652.468,0.37206,0.5116,0.39182,0.83094,0,0.98957,0.87179,0.94298,0.80918,0.98957,0.87179,0.94894,0.85433,0.46617,0.82332,0.58226,0.83341,0,0.000794038,0.000794038,0.000794038
59,663.739,0.38496,0.53621,0.39512,0.83606,0,0.99509,0.91026,0.95672,0.79916,0.97145,0.8725,0.94634,0.85763,0.46923,1.02817,0.69168,0.84352,0,0.000763797,0.000763797,0.000763797
60,675.127,0.3745,0.55843,0.38562,0.83921,0,0.97245,0.90524,0.9608,0.79573,0.93118,0.86735,0.90965,0.82888,0.47686,0.92834,0.53921,0.84018,0,0.000733799,0.000733799,0.000733799
61,686.691,0.37716,0.55642,0.40134,0.8425,0,0.98585,0.89302,0.96305,0.81776,0.95721,0.92308,0.96246,0.85514,0.50222,0.89832,0.53463,0.8361,0,0.000704073,0.000704073,0.000704073
62,697.918,0.36375,0.47274,0.37538,0.82966,0,0.93673,0.89744,0.95497,0.82216,0.98547,0.86979,0.95394,0.86962,0.50042,0.716,0.45164,0.85044,0,0.000674649,0.000674649,0.000674649
63,709.727,0.35394,0.5033,0.37006,0.83222,0,0.93403,0.90755,0.95839,0.82605,0.91959,0.88462,0.94775,0.86868,0.46992,0.79351,0.43677,0.85299,0,0.000645557,0.000645557,0.000645557
64,721.198,0.35519,0.49083,0.37091,0.83263,0,0.93953,0.92308,0.96748,0.81068,0.91277,0.89744,0.93927,0.8434,0.49264,1.05533,0.47237,0.84889,0,0.000616824,0.000616824,0.000616824
65,733.052,0.36312,0.4774,0.37715,0.82875,0,0.94856,0.94565,0.97297,0.8092,0.9357,0.93282,0.9489,0.86376,0.46775,1.03465,0.42657,0.83016,0,0.000588479,0.000588479,0.000588479
66,744.385,0.35164,0.50138,0.36988,0.82842,0,0.93419,0.90993,0.93903,0.81292,0.94588,0.91026,0.93906,0.8263,0.43778,1.21818,0.63044,0.82568,0,0.000560549,0.000560549,0.000560549
67,755.632,0.35807,0.49873,0.37306,0.83332,0,0.96696,0.89744,0.93465,0.81581,0.9377,0.88462,0.92895,0.83915,0.44632,1.24925,0.61402,0.8113,0,0.000533064,0.000533064,0.000533064
68,767.656,0.3598,0.50395,0.37712,0.82696,0,0.95782,0.92308,0.94537,0.80531,0.94452,0.91026,0.94086,0.85211,0.46375,0.99971,0.55868,0.82201,0,0.000506049,0.000506049,0.000506049
69,779.07,0.35665,0.49819,0.37316,0.82918,0,0.98173,0.89744,0.96651,0.82399,0.95358,0.87179,0.93576,0.85328,0.4541,0.94789,0.46421,0.82917,0,0.000479531,0.000479531,0.000479531
70,790.376,0.34318,0.4555,0.36241,0.82912,0,0.97324,0.93262,0.96282,0.83155,0.94336,0.89744,0.93622,0.85647,0.43707,0.89141,0.55191,0.81337,0,0.000453537,0.000453537,0.000453537
71,802.033,0.32274,0.46109,0.34213,0.81827,0,0.98351,0.89744,0.9433,0.82444,0.95824,0.88263,0.94096,0.866,0.41421,0.92891,0.50456,0.81408,0,0.000428093,0.000428093,0.000428093
72,813.28,0.32962,0.48173,0.35929,0.82681,0,0.98648,0.93534,0.97825,0.85208,0.94488,0.91026,0.9473,0.85951,0.40231,0.87762,0.42233,0.80871,0,0.000403222,0.000403222,0.000403222
73,824.786,0.33629,0.49162,0.3581,0.821,0,0.94927,0.95966,0.97426,0.87917,0.93476,0.9359,0.95136,0.86306,0.38156,0.99974,0.44021,0.80928,0,0.00037895,0.00037895,0.00037895
74,836.012,0.32629,0.47903,0.33796,0.82654,0,0.9954,0.91026,0.97893,0.85143,0.96944,0.89744,0.95448,0.84276,0.43672,0.95558,0.45689,0.80922,0,0.000355301,0.000355301,0.000355301
75,847.181,0.31656,0.45966,0.34037,0.82077,0,0.95284,0.9359,0.97818,0.83308,0.95284,0.9359,0.96698,0.88667,0.43601,0.79617,0.4135,0.81349,0,0.000332298,0.000332298,0.000332298
76,858.446,0.3096,0.42181,0.32526,0.82628,0,0.95287,0.9359,0.96666,0.84724,0.98003,0.92308,0.96906,0.89647,0.41245,0.73918,0.40154,0.80886,0,0.000309964,0.000309964,0.000309964
77,869.656,0.30854,0.44212,0.3383,0.82513,0,0.96029,0.93013,0.98403,0.84915,0.9523,0.89744,0.9507,0.88737,0.41408,0.77587,0.40222,0.80886,0,0.000288321,0.000288321,0.000288321
78,880.836,0.31567,0.47345,0.34093,0.82405,0,0.96671,0.94872,0.97749,0.82555,0.92752,0.91026,0.94597,0.8807,0.43023,0.79342,0.40397,0.81892,0,0.00026739,0.00026739,0.00026739
79,891.993,0.30581,0.41603,0.32074,0.82444,0,0.97974,0.94872,0.98733,0.81761,0.93977,0.91026,0.93352,0.86768,0.42572,0.91467,0.39434,0.82309,0,0.000247192,0.000247192,0.000247192
80,903.354,0.305,0.42132,0.33338,0.82462,0,0.97381,0.95356,0.97264,0.82983,0.94731,0.92201,0.93554,0.85875,0.4166,1.1136,0.39844,0.81577,0,0.000227747,0.000227747,0.000227747
81,914.876,0.29887,0.43996,0.31943,0.82237,0,0.98624,0.91877,0.96848,0.85334,0.95872,0.89326,0.92912,0.85403,0.3789,1.04447,0.40217,0.80639,0,0.000209073,0.000209073,0.000209073
82,926.652,0.29089,0.41372,0.31316,0.81198,0,0.93585,0.93521,0.9572,0.85473,0.9102,0.90967,0.91737,0.84916,0.35942,0.9367,0.40146,0.80728,0,0.00019119,0.00019119,0.00019119
83,938.255,0.29129,0.44377,0.32068,0.82383,0,0.96052,0.93569,0.96535,0.82506,0.9456,0.89145,0.94051,0.8645,0.39888,0.8473,0.4451,0.80706,0,0.000174115,0.000174115,0.000174115
84,950.052,0.29347,0.39085,0.31682,0.82235,0,0.96413,0.91026,0.96275,0.83798,0.9362,0.88462,0.94499,0.85359,0.36111,0.8196,0.45438,0.80885,0,0.000157865,0.000157865,0.000157865
85,961.754,0.28599,0.43765,0.31357,0.81557,0,0.97325,0.9329,0.97654,0.84745,0.94663,0.90954,0.95228,0.86377,0.3687,0.8037,0.42313,0.8117,0,0.000142456,0.000142456,0.000142456
86,1002.84,0.25987,0.415,0.29018,0.80143,0,0.97271,0.92308,0.97171,0.85163,0.93206,0.88462,0.93315,0.85021,0.36067,0.93541,0.46656,0.8031,0,0.000127904,0.000127904,0.000127904
87,1014.11,0.25734,0.3965,0.28349,0.80498,0,0.97287,0.91939,0.96941,0.85929,0.94574,0.89387,0.92694,0.84773,0.36278,1.01682,0.45072,0.80025,0,0.000114221,0.000114221,0.000114221
88,1025.12,0.26188,0.40551,0.28423,0.80209,0,0.97119,0.9359,0.97423,0.86996,0.94447,0.91026,0.93317,0.85312,0.33709,0.94017,0.37728,0.79625,0,0.000101423,0.000101423,0.000101423
89,1036.53,0.24995,0.36777,0.27766,0.7891,0,0.97294,0.92202,0.95791,0.8507,0.9459,0.89663,0.93266,0.85109,0.3525,0.93377,0.39076,0.79483,0,8.95213e-05,8.95213e-05,8.95213e-05
90,1047.65,0.24673,0.39004,0.27621,0.80063,0,0.97295,0.92223,0.96031,0.846,0.94592,0.89702,0.93281,0.85275,0.37448,0.97626,0.40834,0.79792,0,7.8528e-05,7.8528e-05,7.8528e-05
91,1058.6,0.25477,0.3682,0.27565,0.79796,0,0.97081,0.92308,0.96447,0.86639,0.94378,0.89744,0.94022,0.8495,0.33905,1.02959,0.40216,0.79354,0,6.8454e-05,6.8454e-05,6.8454e-05
92,1070.04,0.2548,0.37299,0.27442,0.79883,0,0.96974,0.9359,0.95923,0.85262,0.9431,0.91026,0.94095,0.85287,0.34711,0.96747,0.39452,0.79385,0,5.93093e-05,5.93093e-05,5.93093e-05
93,1083.62,0.24519,0.39329,0.27948,0.79361,0,0.97129,0.9359,0.96145,0.86077,0.94462,0.91026,0.9389,0.85563,0.33398,0.93731,0.38212,0.79234,0,5.11027e-05,5.11027e-05,5.11027e-05
94,1095.34,0.24605,0.38833,0.27285,0.79678,0,0.97079,0.9359,0.95788,0.85715,0.94413,0.91026,0.94282,0.85687,0.33112,0.92789,0.3702,0.79068,0,4.38424e-05,4.38424e-05,4.38424e-05
95,1107.13,0.23764,0.38284,0.27031,0.80105,0,0.96994,0.9359,0.95869,0.86714,0.94337,0.91026,0.94235,0.86064,0.32023,0.93488,0.36288,0.78894,0,3.75356e-05,3.75356e-05,3.75356e-05
96,1117.94,0.24242,0.40165,0.26503,0.80286,0,0.95715,0.9359,0.94816,0.84843,0.93093,0.91026,0.93224,0.8514,0.32043,0.95994,0.37516,0.78786,0,3.21885e-05,3.21885e-05,3.21885e-05
97,1129.54,0.24473,0.36267,0.26693,0.79615,0,0.97078,0.94872,0.96711,0.85835,0.93136,0.91026,0.93034,0.84741,0.32347,0.97496,0.38303,0.78592,0,2.78064e-05,2.78064e-05,2.78064e-05
98,1140.68,0.24169,0.37695,0.27136,0.79918,0,0.97096,0.9359,0.95675,0.85369,0.94436,0.91026,0.93889,0.85403,0.33051,0.97674,0.37934,0.78708,0,2.43937e-05,2.43937e-05,2.43937e-05
99,1151.94,0.24227,0.37606,0.26967,0.79928,0,0.97076,0.9359,0.95832,0.85445,0.9441,0.91026,0.93912,0.85733,0.33603,0.96939,0.38112,0.78931,0,2.19535e-05,2.19535e-05,2.19535e-05
100,1163.25,0.23309,0.34511,0.26582,0.79128,0,0.97119,0.9359,0.95724,0.85418,0.94451,0.91026,0.94608,0.85637,0.33947,0.96054,0.38111,0.78883,0,2.04885e-05,2.04885e-05,2.04885e-05
